resume_id,name,domain,education,university,experience_years,skills,resume_text
R001,Hira Ahmad,data,BS Economics,COMSATS,0,"NumPy, Prototyping, Statistics, Teamwork, Python, Time Management, Leadership, Data Visualization","Hira Ahmad is a BS Economics student at COMSATS with no formal work experience yet, eager to start a career. Proficient in NumPy, Prototyping, Statistics, Teamwork, Python, Time Management, Leadership and Data Visualization. Strong background in data with a passion for continuous learning and delivering quality results. Demonstrates time management and leadership in team-based environments."
R002,Ayesha Sheikh,web_dev,BSc Data Science,COMSATS,0,"React, Communication, CSS, TypeScript, Time Management, Git, Leadership","Ayesha Sheikh is a BSc Data Science student at COMSATS with no formal work experience yet, eager to start a career. Proficient in React, Communication, CSS, TypeScript, Time Management, Git and Leadership. Strong background in web dev with a passion for continuous learning and delivering quality results. Demonstrates time management and leadership in team-based environments."
R003,Faisal Hussain,data,BSc Information Technology,GIKI,2,"Statistics, Teamwork, Google Analytics, R, Excel, Communication, Leadership, Data Visualization","Faisal Hussain is a BSc Information Technology student at GIKI with 2 year(s) of hands-on experience. Proficient in Statistics, Teamwork, Google Analytics, R, Excel, Communication, Leadership and Data Visualization. Strong background in data with a passion for continuous learning and delivering quality results. Demonstrates communication and leadership in team-based environments."
R004,Maria Hussain,data,BSc Computer Science,Punjab University,0,"NumPy, Pandas, Teamwork, PowerPoint, Communication, Python, Tableau, Leadership","Maria Hussain is a BSc Computer Science student at Punjab University with no formal work experience yet, eager to start a career. Proficient in NumPy, Pandas, Teamwork, PowerPoint, Communication, Python, Tableau and Leadership. Strong background in data with a passion for continuous learning and delivering quality results. Demonstrates teamwork and leadership in team-based environments."
R005,Mahnoor Iqbal,business,BSc Data Science,NIT Lahore,1,"Business Analysis, Problem Solving, Email Marketing, PowerPoint, Market Research, Time Management, Project Management","Mahnoor Iqbal is a BSc Data Science student at NIT Lahore with 1 year(s) of hands-on experience. Proficient in Business Analysis, Problem Solving, Email Marketing, PowerPoint, Market Research, Time Management and Project Management. Strong background in business with a passion for continuous learning and delivering quality results. Demonstrates time management and problem solving in team-based environments."
R006,Faisal Farooq,marketing,BSc Computer Science,IBA Karachi,1,"Email Marketing, Communication, Content Writing, Canva, Adaptability, Figma, SEO","Faisal Farooq is a BSc Computer Science student at IBA Karachi with 1 year(s) of hands-on experience. Proficient in Email Marketing, Communication, Content Writing, Canva, Adaptability, Figma and SEO. Strong background in marketing with a passion for continuous learning and delivering quality results. Demonstrates communication and adaptability in team-based environments."
R007,Fatima Iqbal,design,BSc Information Technology,FAST-NUCES,1,"Prototyping, NumPy, Adobe Photoshop, UI/UX Design, Adaptability, Leadership, Figma","Fatima Iqbal is a BSc Information Technology student at FAST-NUCES with 1 year(s) of hands-on experience. Proficient in Prototyping, NumPy, Adobe Photoshop, UI/UX Design, Adaptability, Leadership and Figma. Strong background in design with a passion for continuous learning and delivering quality results. Demonstrates adaptability and leadership in team-based environments."
R008,Bilal Khan,business,BSc Data Science,IBA Karachi,1,"Business Analysis, Market Research, Excel, Adobe Illustrator, Communication, Project Management, Financial Modeling, Leadership","Bilal Khan is a BSc Data Science student at IBA Karachi with 1 year(s) of hands-on experience. Proficient in Business Analysis, Market Research, Excel, Adobe Illustrator, Communication, Project Management, Financial Modeling and Leadership. Strong background in business with a passion for continuous learning and delivering quality results. Demonstrates communication and leadership in team-based environments."
R009,Usman Sheikh,web_dev,BSc Graphic Design,GIKI,0,"Problem Solving, React, Excel, REST APIs, Next.js, Adaptability, TypeScript","Usman Sheikh is a BSc Graphic Design student at GIKI with no formal work experience yet, eager to start a career. Proficient in Problem Solving, React, Excel, REST APIs, Next.js, Adaptability and TypeScript. Strong background in web dev with a passion for continuous learning and delivering quality results. Demonstrates problem solving and adaptability in team-based environments."
R010,Ayesha Butt,web_dev,BSc Computer Science,FAST-NUCES,0,"R, REST APIs, Communication, Next.js, CSS, SQL, MongoDB, Time Management","Ayesha Butt is a BSc Computer Science student at FAST-NUCES with no formal work experience yet, eager to start a career. Proficient in R, REST APIs, Communication, Next.js, CSS, SQL, MongoDB and Time Management. Strong background in web dev with a passion for continuous learning and delivering quality results. Demonstrates time management and communication in team-based environments."
R011,Hassan Sheikh,data,BS Economics,GIKI,0,"Teamwork, Problem Solving, Excel, SQL, Python, Machine Learning, Meta Ads","Hassan Sheikh is a BS Economics student at GIKI with no formal work experience yet, eager to start a career. Proficient in Teamwork, Problem Solving, Excel, SQL, Python, Machine Learning and Meta Ads. Strong background in data with a passion for continuous learning and delivering quality results. Demonstrates teamwork and problem solving in team-based environments."
R012,Zainab Raza,data,BSc Information Technology,UET Lahore,0,"Problem Solving, Excel, REST APIs, Machine Learning, Python, Adaptability, Tableau","Zainab Raza is a BSc Information Technology student at UET Lahore with no formal work experience yet, eager to start a career. Proficient in Problem Solving, Excel, REST APIs, Machine Learning, Python, Adaptability and Tableau. Strong background in data with a passion for continuous learning and delivering quality results. Demonstrates adaptability and problem solving in team-based environments."
R013,Ahmed Hussain,data,BSc Software Engineering,GIKI,2,"Pandas, Teamwork, Excel, Machine Learning, Time Management, Tableau, Leadership","Ahmed Hussain is a BSc Software Engineering student at GIKI with 2 year(s) of hands-on experience. Proficient in Pandas, Teamwork, Excel, Machine Learning, Time Management, Tableau and Leadership. Strong background in data with a passion for continuous learning and delivering quality results. Demonstrates time management and teamwork in team-based environments."
R014,Ahmed Sheikh,data,BSc Computer Science,Punjab University,1,"Statistics, React, Power BI, Excel, Communication, SQL, Leadership","Ahmed Sheikh is a BSc Computer Science student at Punjab University with 1 year(s) of hands-on experience. Proficient in Statistics, React, Power BI, Excel, Communication, SQL and Leadership. Strong background in data with a passion for continuous learning and delivering quality results. Demonstrates leadership and communication in team-based environments."
R015,Ahmed Butt,web_dev,BSc Software Engineering,IBA Karachi,1,"Problem Solving, React, Communication, UI/UX Design, MongoDB, TypeScript, Git, Leadership","Ahmed Butt is a BSc Software Engineering student at IBA Karachi with 1 year(s) of hands-on experience. Proficient in Problem Solving, React, Communication, UI/UX Design, MongoDB, TypeScript, Git and Leadership. Strong background in web dev with a passion for continuous learning and delivering quality results. Demonstrates problem solving and communication in team-based environments."
R016,Ahmed Sheikh,data,BSc Information Technology,FAST-NUCES,1,"Teamwork, Excel, Adobe Illustrator, SQL, Adaptability, Tableau, Leadership, Data Visualization","Ahmed Sheikh is a BSc Information Technology student at FAST-NUCES with 1 year(s) of hands-on experience. Proficient in Teamwork, Excel, Adobe Illustrator, SQL, Adaptability, Tableau, Leadership and Data Visualization. Strong background in data with a passion for continuous learning and delivering quality results. Demonstrates teamwork and leadership in team-based environments."
R017,Omar Chaudhry,marketing,BSc Computer Science,NIT Lahore,1,"Google Analytics, Communication, Content Writing, Node.js, TypeScript, Copywriting, Time Management, Meta Ads","Omar Chaudhry is a BSc Computer Science student at NIT Lahore with 1 year(s) of hands-on experience. Proficient in Google Analytics, Communication, Content Writing, Node.js, TypeScript, Copywriting, Time Management and Meta Ads. Strong background in marketing with a passion for continuous learning and delivering quality results. Demonstrates communication and time management in team-based environments."
R018,Hira Raza,marketing,BSc Graphic Design,UET Lahore,1,"Teamwork, Google Analytics, Email Marketing, Market Research, Meta Ads, Leadership, SEO","Hira Raza is a BSc Graphic Design student at UET Lahore with 1 year(s) of hands-on experience. Proficient in Teamwork, Google Analytics, Email Marketing, Market Research, Meta Ads, Leadership and SEO. Strong background in marketing with a passion for continuous learning and delivering quality results. Demonstrates leadership and teamwork in team-based environments."
R019,Ali Khan,data,BBA,Punjab University,0,"NumPy, Statistics, Excel, Content Writing, Machine Learning, Time Management, Leadership","Ali Khan is a BBA student at Punjab University with no formal work experience yet, eager to start a career. Proficient in NumPy, Statistics, Excel, Content Writing, Machine Learning, Time Management and Leadership. Strong background in data with a passion for continuous learning and delivering quality results. Demonstrates time management and leadership in team-based environments."
R020,Tariq Farooq,marketing,BSc Graphic Design,IBA Karachi,0,"Social Media Marketing, Adobe Illustrator, Content Writing, Communication, Project Management, Meta Ads, Leadership, SEO","Tariq Farooq is a BSc Graphic Design student at IBA Karachi with no formal work experience yet, eager to start a career. Proficient in Social Media Marketing, Adobe Illustrator, Content Writing, Communication, Project Management, Meta Ads, Leadership and SEO. Strong background in marketing with a passion for continuous learning and delivering quality results. Demonstrates communication and leadership in team-based environments."
R021,Mahnoor Ahmad,design,BS Economics,UET Lahore,0,"Prototyping, Problem Solving, Excel, Adobe Illustrator, UI/UX Design, Leadership, Figma","Mahnoor Ahmad is a BS Economics student at UET Lahore with no formal work experience yet, eager to start a career. Proficient in Prototyping, Problem Solving, Excel, Adobe Illustrator, UI/UX Design, Leadership and Figma. Strong background in design with a passion for continuous learning and delivering quality results. Demonstrates problem solving and leadership in team-based environments."
R022,Saad Sheikh,marketing,BSc Marketing,IBA Karachi,0,"Problem Solving, Google Analytics, Social Media Marketing, Market Research, Content Writing, Canva, Adaptability","Saad Sheikh is a BSc Marketing student at IBA Karachi with no formal work experience yet, eager to start a career. Proficient in Problem Solving, Google Analytics, Social Media Marketing, Market Research, Content Writing, Canva and Adaptability. Strong background in marketing with a passion for continuous learning and delivering quality results. Demonstrates problem solving and adaptability in team-based environments."
R023,Ahmed Hussain,marketing,BSc Data Science,GIKI,1,"Teamwork, Social Media Marketing, Communication, Adaptability, TypeScript, Copywriting, Meta Ads, SEO","Ahmed Hussain is a BSc Data Science student at GIKI with 1 year(s) of hands-on experience. Proficient in Teamwork, Social Media Marketing, Communication, Adaptability, TypeScript, Copywriting, Meta Ads and SEO. Strong background in marketing with a passion for continuous learning and delivering quality results. Demonstrates communication and adaptability in team-based environments."
R024,Ahmed Hussain,marketing,BBA,NIT Lahore,2,"Teamwork, Problem Solving, Social Media Marketing, Market Research, Adobe Illustrator, Canva, Copywriting, Meta Ads","Ahmed Hussain is a BBA student at NIT Lahore with 2 year(s) of hands-on experience. Proficient in Teamwork, Problem Solving, Social Media Marketing, Market Research, Adobe Illustrator, Canva, Copywriting and Meta Ads. Strong background in marketing with a passion for continuous learning and delivering quality results. Demonstrates teamwork and problem solving in team-based environments."
R025,Ayesha Raza,design,BSc Data Science,LUMS,0,"Prototyping, Adobe Photoshop, Problem Solving, Node.js, Adaptability, Wireframing, Figma","Ayesha Raza is a BSc Data Science student at LUMS with no formal work experience yet, eager to start a career. Proficient in Prototyping, Adobe Photoshop, Problem Solving, Node.js, Adaptability, Wireframing and Figma. Strong background in design with a passion for continuous learning and delivering quality results. Demonstrates problem solving and adaptability in team-based environments."
R026,Mahnoor Sheikh,web_dev,BSc Computer Science,FAST-NUCES,2,"Excel, Communication, Node.js, TypeScript, Time Management, Git, JavaScript, Leadership","Mahnoor Sheikh is a BSc Computer Science student at FAST-NUCES with 2 year(s) of hands-on experience. Proficient in Excel, Communication, Node.js, TypeScript, Time Management, Git, JavaScript and Leadership. Strong background in web dev with a passion for continuous learning and delivering quality results. Demonstrates leadership and time management in team-based environments."
R027,Tariq Khan,design,BS Economics,COMSATS,2,"Prototyping, Pandas, Adobe Photoshop, Problem Solving, Adobe Illustrator, UI/UX Design, Leadership","Tariq Khan is a BS Economics student at COMSATS with 2 year(s) of hands-on experience. Proficient in Prototyping, Pandas, Adobe Photoshop, Problem Solving, Adobe Illustrator, UI/UX Design and Leadership. Strong background in design with a passion for continuous learning and delivering quality results. Demonstrates problem solving and leadership in team-based environments."
R028,Bilal Butt,data,BSc Graphic Design,NIT Lahore,2,"Statistics, Teamwork, Excel, Adobe Illustrator, SQL, Python, Time Management","Bilal Butt is a BSc Graphic Design student at NIT Lahore with 2 year(s) of hands-on experience. Proficient in Statistics, Teamwork, Excel, Adobe Illustrator, SQL, Python and Time Management. Strong background in data with a passion for continuous learning and delivering quality results. Demonstrates time management and teamwork in team-based environments."
R029,Bilal Hussain,design,BSc Marketing,UET Lahore,1,"Social Media Marketing, Adobe Illustrator, UI/UX Design, Wireframing, Time Management, Leadership, Figma","Bilal Hussain is a BSc Marketing student at UET Lahore with 1 year(s) of hands-on experience. Proficient in Social Media Marketing, Adobe Illustrator, UI/UX Design, Wireframing, Time Management, Leadership and Figma. Strong background in design with a passion for continuous learning and delivering quality results. Demonstrates time management and leadership in team-based environments."
R030,Bilal Ahmad,design,BSc Computer Science,IBA Karachi,2,"Prototyping, Teamwork, Adobe Illustrator, UI/UX Design, Wireframing, Time Management","Bilal Ahmad is a BSc Computer Science student at IBA Karachi with 2 year(s) of hands-on experience. Proficient in Prototyping, Teamwork, Adobe Illustrator, UI/UX Design, Wireframing and Time Management. Strong background in design with a passion for continuous learning and delivering quality results. Demonstrates teamwork and time management in team-based environments."
R031,Maria Ahmad,marketing,BSc Data Science,Punjab University,1,"Teamwork, Adobe Photoshop, Social Media Marketing, Email Marketing, Content Writing, Node.js, Time Management, SEO","Maria Ahmad is a BSc Data Science student at Punjab University with 1 year(s) of hands-on experience. Proficient in Teamwork, Adobe Photoshop, Social Media Marketing, Email Marketing, Content Writing, Node.js, Time Management and SEO. Strong background in marketing with a passion for continuous learning and delivering quality results. Demonstrates time management and teamwork in team-based environments."
R032,Ali Sheikh,web_dev,BSc Marketing,FAST-NUCES,0,"Teamwork, Problem Solving, React, Google Analytics, REST APIs, CSS, MongoDB","Ali Sheikh is a BSc Marketing student at FAST-NUCES with no formal work experience yet, eager to start a career. Proficient in Teamwork, Problem Solving, React, Google Analytics, REST APIs, CSS and MongoDB. Strong background in web dev with a passion for continuous learning and delivering quality results. Demonstrates teamwork and problem solving in team-based environments."
R033,Mahnoor Hussain,business,BSc Data Science,GIKI,2,"Business Analysis, Teamwork, Market Research, Communication, Python, Project Management, Financial Modeling","Mahnoor Hussain is a BSc Data Science student at GIKI with 2 year(s) of hands-on experience. Proficient in Business Analysis, Teamwork, Market Research, Communication, Python, Project Management and Financial Modeling. Strong background in business with a passion for continuous learning and delivering quality results. Demonstrates teamwork and communication in team-based environments."
R034,Hamza Raza,data,BSc Marketing,Punjab University,0,"Pandas, Statistics, PowerPoint, Communication, Python, Adaptability, Tableau","Hamza Raza is a BSc Marketing student at Punjab University with no formal work experience yet, eager to start a career. Proficient in Pandas, Statistics, PowerPoint, Communication, Python, Adaptability and Tableau. Strong background in data with a passion for continuous learning and delivering quality results. Demonstrates adaptability and communication in team-based environments."
R035,Saad Khan,marketing,BSc Data Science,IBA Karachi,0,"Google Analytics, CSS, Canva, Adaptability, Copywriting, Time Management, Tableau, SEO","Saad Khan is a BSc Data Science student at IBA Karachi with no formal work experience yet, eager to start a career. Proficient in Google Analytics, CSS, Canva, Adaptability, Copywriting, Time Management, Tableau and SEO. Strong background in marketing with a passion for continuous learning and delivering quality results. Demonstrates time management and adaptability in team-based environments."
R036,Tariq Khan,design,BSc Data Science,LUMS,1,"Prototyping, Teamwork, Adobe Photoshop, Problem Solving, Adobe Illustrator, Wireframing, Time Management, Financial Modeling","Tariq Khan is a BSc Data Science student at LUMS with 1 year(s) of hands-on experience. Proficient in Prototyping, Teamwork, Adobe Photoshop, Problem Solving, Adobe Illustrator, Wireframing, Time Management and Financial Modeling. Strong background in design with a passion for continuous learning and delivering quality results. Demonstrates teamwork and problem solving in team-based environments."
R037,Ahmed Chaudhry,marketing,BSc Data Science,Punjab University,2,"Google Analytics, Social Media Marketing, Email Marketing, REST APIs, Content Writing, Communication, Python, Leadership","Ahmed Chaudhry is a BSc Data Science student at Punjab University with 2 year(s) of hands-on experience. Proficient in Google Analytics, Social Media Marketing, Email Marketing, REST APIs, Content Writing, Communication, Python and Leadership. Strong background in marketing with a passion for continuous learning and delivering quality results. Demonstrates communication and leadership in team-based environments."
R038,Ayesha Sheikh,data,BBA,IBA Karachi,1,"NumPy, Pandas, Statistics, Market Research, Communication, SQL, Leadership","Ayesha Sheikh is a BBA student at IBA Karachi with 1 year(s) of hands-on experience. Proficient in NumPy, Pandas, Statistics, Market Research, Communication, SQL and Leadership. Strong background in data with a passion for continuous learning and delivering quality results. Demonstrates communication and leadership in team-based environments."
R039,Omar Raza,web_dev,BSc Data Science,COMSATS,1,"Market Research, Node.js, CSS, MongoDB, Time Management, Git, Leadership","Omar Raza is a BSc Data Science student at COMSATS with 1 year(s) of hands-on experience. Proficient in Market Research, Node.js, CSS, MongoDB, Time Management, Git and Leadership. Strong background in web dev with a passion for continuous learning and delivering quality results. Demonstrates leadership and time management in team-based environments."
R040,Sana Khan,web_dev,BSc Software Engineering,LUMS,0,"Teamwork, React, Communication, UI/UX Design, CSS, Adaptability, TypeScript, JavaScript","Sana Khan is a BSc Software Engineering student at LUMS with no formal work experience yet, eager to start a career. Proficient in Teamwork, React, Communication, UI/UX Design, CSS, Adaptability, TypeScript and JavaScript. Strong background in web dev with a passion for continuous learning and delivering quality results. Demonstrates adaptability and communication in team-based environments."
R041,Mahnoor Khan,marketing,BS Economics,FAST-NUCES,0,"Problem Solving, Social Media Marketing, Email Marketing, Canva, Adaptability, Copywriting, Figma","Mahnoor Khan is a BS Economics student at FAST-NUCES with no formal work experience yet, eager to start a career. Proficient in Problem Solving, Social Media Marketing, Email Marketing, Canva, Adaptability, Copywriting and Figma. Strong background in marketing with a passion for continuous learning and delivering quality results. Demonstrates problem solving and adaptability in team-based environments."
R042,Amna Hussain,design,BSc Marketing,LUMS,1,"Prototyping, Adobe Photoshop, Communication, UI/UX Design, Wireframing, Time Management, Project Management","Amna Hussain is a BSc Marketing student at LUMS with 1 year(s) of hands-on experience. Proficient in Prototyping, Adobe Photoshop, Communication, UI/UX Design, Wireframing, Time Management and Project Management. Strong background in design with a passion for continuous learning and delivering quality results. Demonstrates communication and time management in team-based environments."
R043,Hira Ahmad,business,BS Economics,LUMS,2,"Business Analysis, Power BI, Social Media Marketing, PowerPoint, Market Research, Communication, Adaptability, Financial Modeling","Hira Ahmad is a BS Economics student at LUMS with 2 year(s) of hands-on experience. Proficient in Business Analysis, Power BI, Social Media Marketing, PowerPoint, Market Research, Communication, Adaptability and Financial Modeling. Strong background in business with a passion for continuous learning and delivering quality results. Demonstrates adaptability and communication in team-based environments."
R044,Hamza Chaudhry,web_dev,BSc Data Science,FAST-NUCES,1,"Pandas, Problem Solving, REST APIs, Next.js, Canva, CSS, TypeScript, Leadership","Hamza Chaudhry is a BSc Data Science student at FAST-NUCES with 1 year(s) of hands-on experience. Proficient in Pandas, Problem Solving, REST APIs, Next.js, Canva, CSS, TypeScript and Leadership. Strong background in web dev with a passion for continuous learning and delivering quality results. Demonstrates problem solving and leadership in team-based environments."
R045,Sana Malik,marketing,BSc Marketing,Punjab University,0,"Prototyping, Teamwork, Google Analytics, Social Media Marketing, Content Writing, Canva, Time Management, Project Management","Sana Malik is a BSc Marketing student at Punjab University with no formal work experience yet, eager to start a career. Proficient in Prototyping, Teamwork, Google Analytics, Social Media Marketing, Content Writing, Canva, Time Management and Project Management. Strong background in marketing with a passion for continuous learning and delivering quality results. Demonstrates teamwork and time management in team-based environments."
R046,Noor Khan,data,BSc Software Engineering,FAST-NUCES,3,"Statistics, Adobe Photoshop, Power BI, Teamwork, Excel, SQL, Adaptability","Noor Khan is a BSc Software Engineering student at FAST-NUCES with 3 year(s) of hands-on experience. Proficient in Statistics, Adobe Photoshop, Power BI, Teamwork, Excel, SQL and Adaptability. Strong background in data with a passion for continuous learning and delivering quality results. Demonstrates adaptability and teamwork in team-based environments."
R047,Noor Khan,data,BSc Graphic Design,LUMS,0,"Statistics, Problem Solving, Power BI, Communication, Machine Learning, SQL, Copywriting","Noor Khan is a BSc Graphic Design student at LUMS with no formal work experience yet, eager to start a career. Proficient in Statistics, Problem Solving, Power BI, Communication, Machine Learning, SQL and Copywriting. Strong background in data with a passion for continuous learning and delivering quality results. Demonstrates communication and problem solving in team-based environments."
R048,Ayesha Raza,marketing,BBA,NIT Lahore,2,"Google Analytics, Email Marketing, Excel, Communication, Content Writing, Meta Ads, Leadership","Ayesha Raza is a BBA student at NIT Lahore with 2 year(s) of hands-on experience. Proficient in Google Analytics, Email Marketing, Excel, Communication, Content Writing, Meta Ads and Leadership. Strong background in marketing with a passion for continuous learning and delivering quality results. Demonstrates communication and leadership in team-based environments."
R049,Amna Farooq,business,BBA,FAST-NUCES,0,"Business Analysis, Excel, Market Research, Communication, Time Management, Project Management","Amna Farooq is a BBA student at FAST-NUCES with no formal work experience yet, eager to start a career. Proficient in Business Analysis, Excel, Market Research, Communication, Time Management and Project Management. Strong background in business with a passion for continuous learning and delivering quality results. Demonstrates time management and communication in team-based environments."
R050,Tariq Iqbal,data,BSc Graphic Design,GIKI,1,"NumPy, Teamwork, Excel, Machine Learning, Python, Time Management, Git","Tariq Iqbal is a BSc Graphic Design student at GIKI with 1 year(s) of hands-on experience. Proficient in NumPy, Teamwork, Excel, Machine Learning, Python, Time Management and Git. Strong background in data with a passion for continuous learning and delivering quality results. Demonstrates time management and teamwork in team-based environments."
